e,k,n_bits,attack_time,success
3,3,1024,0.000765,1
5,5,1024,0.00365,1
7,7,1024,0.016635,1
11,11,1024,0.10181,1
13,13,1024,0.192925,1
17,17,1024,0.586909,1
19,19,1024,1.024893,1
23,23,1024,2.760612,1
29,29,1024,6.477449,1
31,31,1024,9.065096,1
37,37,1024,16.410507,1
41,41,1024,22.711486,1
43,43,1024,33.353738,1
47,47,1024,47.895809,1
